name,age,city,email
Pamela Woods,60,Gonzaleschester, Pamela Woods@brown-fowler.biz
Nicholas Herrera,59,East Debraland, Nicholas Herrera@perez-willis.com
Aaron Moreno,45,Chasefurt, Aaron Moreno@floyd.info
Catherine Smith,79,Carolburgh, Catherine Smith@smith.info
Megan Ross,52,Ryanberg, Megan Ross@mcdaniel.biz
John Lopez,53,Acostaborough, John Lopez@adams.info
Amy Greene,66,South Jerryshire, Amy Greene@black-martinez.com
Marco Nelson,71,Blackside, Marco Nelson@rodriguez.net
Jeffrey Daniel,39,Smithland, Jeffrey Daniel@price-ingram.com
Angela Rhodes,24,Hernandeztown, Angela Rhodes@everett.net
Jacob Taylor,47,East Trevor, Jacob Taylor@gonzalez.com
Daniel Farmer,71,North Michealmouth, Daniel Farmer@brooks-gutierrez.com
Timothy Jenkins,48,Boydberg, Timothy Jenkins@mitchell.info
Thomas Allen,47,Smithtown, Thomas Allen@taylor-adams.info
Juan Nelson,30,Port Reginald, Juan Nelson@brooks.com
Jack Reed,72,North Joseph, Jack Reed@burke.com
Allen Werner,55,South Christopher, Allen Werner@gonzalez.org
James Gonzalez,62,South Travisborough, James Gonzalez@mitchell.com
Ashley Cohen,56,Heatherport, Ashley Cohen@sosa-green.com
Mrs. Jennifer Pruitt,50,Mcgrathborough, Mrs. Jennifer Pruitt@baxter-alexander.info
Kevin Foley,44,Lake Erichaven, Kevin Foley@walker.com
Robert Curry,61,North Andrea, Robert Curry@rodriguez-anderson.biz
David Henderson,64,Johnsonton, David Henderson@cook.com
Jerry Barton,50,Andrewborough, Jerry Barton@carter.com
Corey Nelson,36,Tinamouth, Corey Nelson@smith-scott.com
Bryan Mcdaniel,75,West Claudia, Bryan Mcdaniel@thomas-owens.info
Lisa Ferguson,40,Cantuton, Lisa Ferguson@summers.com
Mrs. Sarah Parker,33,South Alexisbury, Mrs. Sarah Parker@joseph.info
Jean Gardner,53,East Kennethmouth, Jean Gardner@hull-wilcox.com
Jeffery Booth,39,Hayesborough, Jeffery Booth@bryant-buckley.com
Matthew Lindsey,38,Lake Benjamin, Matthew Lindsey@thompson.com
Christina Vasquez,75,Aprilside, Christina Vasquez@mathis.com
Jane Baxter,21,Weeksfort, Jane Baxter@brooks.com
Anna Frazier,63,Lake Danielle, Anna Frazier@thompson.info
Mary Hood,21,Port Nicholas, Mary Hood@chung-smith.com
Albert Kim,73,West Troyland, Albert Kim@hansen.com
Morgan Garcia,79,Millerside, Morgan Garcia@king.com
Michelle Wilson,47,East Miguel, Michelle Wilson@hoover.com
Shannon Powers,33,New Wayne, Shannon Powers@bates-perez.biz
Gabriel Velasquez,34,Lake Jasonton, Gabriel Velasquez@beck.com
Mary Bond,52,Nancyborough, Mary Bond@wilcox.com
Crystal Lara,68,Howellfort, Crystal Lara@smith-romero.com
William Gordon,32,Graymouth, William Gordon@bass.org
Joseph Lopez,47,Lake Jesusside, Joseph Lopez@brown-dunn.com
Rodney Robbins,20,Lake Deborahfurt, Rodney Robbins@mueller.com
Michael Jordan,51,Nathanberg, Michael Jordan@hernandez.org
Diana Willis,67,Vickiside, Diana Willis@kennedy-smith.com
Rebecca Cochran,42,Hernandezmouth, Rebecca Cochran@duncan.info
Crystal Murray,25,Michelefort, Crystal Murray@moore.com
Aaron Harris,27,Port Julia, Aaron Harris@woods-holloway.biz
